Workbook

Sheet FromSimSail
A1: TWA/TWS | B1: 2 | C1: 4 | D1: 5 | E1: 6 | F1: 7 | G1: 8 | H1: 9 | I1: 10 | J1: 12 | K1: 14 | L1: 16 | M1: 18 | N1: 20 | O1: 22 | P1: 24 | Q1: 25 | R1: 26 | S1: 28 | T1: 30
A2: 30 | B2: 0.82 | C2: 1.66 | D2: 2.06 | E2: 2.43 | F2: 2.74 | G2: 3.03 | H2: 3.29 | I2: 3.54 | J2: 3.92 | K2: 4.32 | L2: 4.43 | M2: 4.56 | N2: 4.73 | O2: 4.67 | P2: 4.61 | Q2: 4.58 | R2: 4.55 | S2: 4.48 | T2: 4.42
A3: 35 | B3: 0.95 | C3: 1.93 | D3: 2.4 | E3: 2.84 | F3: 3.22 | G3: 3.56 | H3: 3.88 | I3: 4.15 | J3: 4.59 | K3: 5.03 | L3: 5.17 | M3: 5.33 | N3: 5.54 | O3: 5.48 | P3: 5.41 | Q3: 5.38 | R3: 5.34 | S3: 5.27 | T3: 5.2
A4: 40 | B4: 1.1 | C4: 2.21 | D4: 2.76 | E4: 3.26 | F4: 3.7 | G4: 4.1 | H4: 4.45 | I4: 4.75 | J4: 5.26 | K4: 5.72 | L4: 5.98 | M4: 6.15 | N4: 6.36 | O4: 6.29 | P4: 6.21 | Q4: 6.18 | R4: 6.14 | S4: 6.08 | T4: 6
A5: 45 | B5: 1.24 | C5: 2.5 | D5: 3.11 | E5: 3.67 | F5: 4.15 | G5: 4.58 | H5: 4.95 | I5: 5.28 | J5: 5.84 | K5: 6.33 | L5: 6.67 | M5: 6.82 | N5: 6.97 | O5: 6.9 | P5: 6.83 | Q5: 6.8 | R5: 6.76 | S5: 6.69 | T5: 6.62
A6: 50 | B6: 1.37 | C6: 2.76 | D6: 3.42 | E6: 4.02 | F6: 4.53 | G6: 4.96 | H6: 5.35 | I6: 5.68 | J6: 6.28 | K6: 6.79 | L6: 7.09 | M6: 7.22 | N6: 7.35 | O6: 7.28 | P6: 7.22 | Q6: 7.19 | R6: 7.15 | S6: 7.09 | T6: 7.02
A7: 55 | B7: 1.47 | C7: 2.98 | D7: 3.68 | E7: 4.32 | F7: 4.84 | G7: 5.28 | H7: 5.66 | I7: 6.01 | J7: 6.64 | K7: 7.13 | L7: 7.44 | M7: 7.54 | N7: 7.65 | O7: 7.59 | P7: 7.53 | Q7: 7.5 | R7: 7.47 | S7: 7.41 | T7: 7.35
A8: 60 | B8: 1.55 | C8: 3.13 | D8: 3.87 | E8: 4.53 | F8: 5.05 | G8: 5.49 | H8: 5.88 | I8: 6.23 | J8: 6.87 | K8: 7.32 | L8: 7.59 | M8: 7.69 | N8: 7.8 | O8: 7.75 | P8: 7.7 | Q8: 7.67 | R8: 7.65 | S8: 7.59 | T8: 7.54
A9: 65 | B9: 1.61 | C9: 3.24 | D9: 4.01 | E9: 4.68 | F9: 5.21 | G9: 5.65 | H9: 6.04 | I9: 6.39 | J9: 7.02 | K9: 7.45 | L9: 7.71 | M9: 7.81 | N9: 7.94 | O9: 7.89 | P9: 7.85 | Q9: 7.83 | R9: 7.81 | S9: 7.77 | T9: 7.72
A10: 70 | B10: 1.65 | C10: 3.33 | D10: 4.11 | E10: 4.79 | F10: 5.31 | G10: 5.75 | H10: 6.15 | I10: 6.51 | J10: 7.12 | K10: 7.52 | L10: 7.77 | M10: 7.89 | N10: 8.05 | O10: 8.01 | P10: 7.98 | Q10: 7.96 | R10: 7.94 | S10: 7.9 | T10: 7.86
A11: 75 | B11: 1.67 | C11: 3.37 | D11: 4.16 | E11: 4.85 | F11: 5.38 | G11: 5.82 | H11: 6.22 | I11: 6.58 | J11: 7.18 | K11: 7.56 | L11: 7.81 | M11: 7.95 | N11: 8.13 | O11: 8.1 | P11: 8.07 | Q11: 8.06 | R11: 8.05 | S11: 8.02 | T11: 7.99
A12: 80 | B12: 1.69 | C12: 3.4 | D12: 4.19 | E12: 4.88 | F12: 5.4 | G12: 5.84 | H12: 6.24 | I12: 6.6 | J12: 7.2 | K12: 7.57 | L12: 7.83 | M12: 7.98 | N12: 8.18 | O12: 8.16 | P12: 8.14 | Q12: 8.13 | R12: 8.12 | S12: 8.11 | T12: 8.09
... A32: 180 | B32: 0.88 | C32: 1.78 | D32: 2.23 | E32: 2.67 | F32: 3.11 | G32: 3.54 | H32: 3.96 | I32: 4.36 | J32: 5.1 | K32: 5.75 | L32: 6.35 | M32: 6.84 | N32: 7.33 | O32: 7.48 | P32: 7.62 | Q32: 7.7 | R32: 7.77 | S32: 7.92 | T32: 8.06

Sheet Test
C1: 1 | E1: =C1+1 -> 2 | G1: =E1+1 -> 3 | I1: =G1+1 -> 4 | K1: =I1+1 -> 5 | M1: =K1+1 -> 6 | O1: =M1+1 -> 7 | Q1: =O1+1 -> 8 | S1: =Q1+1 -> 9 | U1: =S1+1 -> 10 | W1: =U1+1 -> 11 | Y1: =W1+1 -> 12 | AA1: =Y1+1 -> 13 | AC1: =AA1+1 -> 14 | AE1: =AC1+1 -> 15 | AG1: =AE1+1 -> 16 | AI1: =AG1+1 -> 17 | AK1: =AI1+1 -> 18 | AM1: =AK1+1 -> 19
A2: TWS - Rad | C2: x | D2: y | E2: x | F2: y
B3: 1 | C3: {=INDEX(FromSimSail!$B$1:$T$32,$B3,C$1)} -> 2 | E3: {=INDEX(FromSimSail!$B$1:$T$32,$B3,E$1)} -> 4 | G3: {=INDEX(FromSimSail!$B$1:$T$32,$B3,G$1)} -> 5 | I3: {=INDEX(FromSimSail!$B$1:$T$32,$B3,I$1)} -> 6 | K3: {=INDEX(FromSimSail!$B$1:$T$32,$B3,K$1)} -> 7 | M3: {=INDEX(FromSimSail!$B$1:$T$32,$B3,M$1)} -> 8 | O3: {=INDEX(FromSimSail!$B$1:$T$32,$B3,O$1)} -> 9 | Q3: {=INDEX(FromSimSail!$B$1:$T$32,$B3,Q$1)} -> 10 | S3: {=INDEX(FromSimSail!$B$1:$T$32,$B3,S$1)} -> 12 | U3: {=INDEX(FromSimSail!$B$1:$T$32,$B3,U$1)} -> 14 | W3: {=INDEX(FromSimSail!$B$1:$T$32,$B3,W$1)} -> 16 | Y3: {=INDEX(FromSimSail!$B$1:$T$32,$B3,Y$1)} -> 18 | AA3: {=INDEX(FromSimSail!$B$1:$T$32,$B3,AA$1)} -> 20 | AC3: {=INDEX(FromSimSail!$B$1:$T$32,$B3,AC$1)} -> 22 | AE3: {=INDEX(FromSimSail!$B$1:$T$32,$B3,AE$1)} -> 24 | AG3: {=INDEX(FromSimSail!$B$1:$T$32,$B3,AG$1)} -> 25 | AI3: {=INDEX(FromSimSail!$B$1:$T$32,$B3,AI$1)} -> 26 | AK3: {=INDEX(FromSimSail!$B$1:$T$32,$B3,AK$1)} -> 28 | AM3: {=INDEX(FromSimSail!$B$1:$T$32,$B3,AM$1)} -> 30
A4: =FromSimSail!A2*Info!$B$3 -> 0.52359878 | B4: =B3+1 -> 2 | C4: {=INDEX(FromSimSail!$B$1:$T$32,$B4,C$1)*SIN($A4)} -> 0.41 | D4: {=INDEX(FromSimSail!$B$1:$T$32,$B4,C$1)*COS($A4)} -> 0.71014083 | E4: {=INDEX(FromSimSail!$B$1:$T$32,$B4,E$1)*SIN($A4)} -> 0.83 | F4: {=INDEX(FromSimSail!$B$1:$T$32,$B4,E$1)*COS($A4)} -> 1.4376022 | G4: {=INDEX(FromSimSail!$B$1:$T$32,$B4,G$1)*SIN($A4)} -> 1.03 | H4: {=INDEX(FromSimSail!$B$1:$T$32,$B4,G$1)*COS($A4)} -> 1.7840123 | I4: {=INDEX(FromSimSail!$B$1:$T$32,$B4,I$1)*SIN($A4)} -> 1.215 | J4: {=INDEX(FromSimSail!$B$1:$T$32,$B4,I$1)*COS($A4)} -> 2.1044417 | K4: {=INDEX(FromSimSail!$B$1:$T$32,$B4,K$1)*SIN($A4)} -> 1.37 | L4: {=INDEX(FromSimSail!$B$1:$T$32,$B4,K$1)*COS($A4)} -> 2.3729096 | M4: {=INDEX(FromSimSail!$B$1:$T$32,$B4,M$1)*SIN($A4)} -> 1.515 | N4: {=INDEX(FromSimSail!$B$1:$T$32,$B4,M$1)*COS($A4)} -> 2.624057 | O4: {=INDEX(FromSimSail!$B$1:$T$32,$B4,O$1)*SIN($A4)} -> 1.645 | P4: {=INDEX(FromSimSail!$B$1:$T$32,$B4,O$1)*COS($A4)} -> 2.8492236 | Q4: {=INDEX(FromSimSail!$B$1:$T$32,$B4,Q$1)*SIN($A4)} -> 1.77 | R4: {=INDEX(FromSimSail!$B$1:$T$32,$B4,Q$1)*COS($A4)} -> 3.0657299 | S4: {=INDEX(FromSimSail!$B$1:$T$32,$B4,S$1)*SIN($A4)} -> 1.96 | T4: {=INDEX(FromSimSail!$B$1:$T$32,$B4,S$1)*COS($A4)} -> 3.3948196 | U4: {=INDEX(FromSimSail!$B$1:$T$32,$B4,U$1)*SIN($A4)} -> 2.16 | V4: {=INDEX(FromSimSail!$B$1:$T$32,$B4,U$1)*COS($A4)} -> 3.7412297 | W4: {=INDEX(FromSimSail!$B$1:$T$32,$B4,W$1)*SIN($A4)} -> 2.215 | X4: {=INDEX(FromSimSail!$B$1:$T$32,$B4,W$1)*COS($A4)} -> 3.8364925 | Y4: {=INDEX(FromSimSail!$B$1:$T$32,$B4,Y$1)*SIN($A4)} -> 2.28 | Z4: {=INDEX(FromSimSail!$B$1:$T$32,$B4,Y$1)*COS($A4)} -> 3.9490758 | AA4: {=INDEX(FromSimSail!$B$1:$T$32,$B4,AA$1)*SIN($A4)} -> 2.365 | AB4: {=INDEX(FromSimSail!$B$1:$T$32,$B4,AA$1)*COS($A4)} -> 4.0963002 | AC4: {=INDEX(FromSimSail!$B$1:$T$32,$B4,AC$1)*SIN($A4)} -> 2.335 | AD4: {=INDEX(FromSimSail!$B$1:$T$32,$B4,AC$1)*COS($A4)} -> 4.0443386 | AE4: {=INDEX(FromSimSail!$B$1:$T$32,$B4,AE$1)*SIN($A4)} -> 2.305 | AF4: {=INDEX(FromSimSail!$B$1:$T$32,$B4,AE$1)*COS($A4)} -> 3.9923771 | AG4: {=INDEX(FromSimSail!$B$1:$T$32,$B4,AG$1)*SIN($A4)} -> 2.29 | AH4: {=INDEX(FromSimSail!$B$1:$T$32,$B4,AG$1)*COS($A4)} -> 3.9663963 | AI4: {=INDEX(FromSimSail!$B$1:$T$32,$B4,AI$1)*SIN($A4)} -> 2.275 | AJ4: {=INDEX(FromSimSail!$B$1:$T$32,$B4,AI$1)*COS($A4)} -> 3.9404156 | AK4: {=INDEX(FromSimSail!$B$1:$T$32,$B4,AK$1)*SIN($A4)} -> 2.24 | AL4: {=INDEX(FromSimSail!$B$1:$T$32,$B4,AK$1)*COS($A4)} -> 3.8797938 | AM4: {=INDEX(FromSimSail!$B$1:$T$32,$B4,AM$1)*SIN($A4)} -> 2.21 | AN4: {=INDEX(FromSimSail!$B$1:$T$32,$B4,AM$1)*COS($A4)} -> 3.8278323
A5: =FromSimSail!A3*Info!$B$3 -> 0.61086524 | B5: =B4+1 -> 3 | C5: {=INDEX(FromSimSail!$B$1:$T$32,$B5,C$1)*SIN($A5)} -> 0.54489761 | D5: {=INDEX(FromSimSail!$B$1:$T$32,$B5,C$1)*COS($A5)} -> 0.77819444 | E5: {=INDEX(FromSimSail!$B$1:$T$32,$B5,E$1)*SIN($A5)} -> 1.1070025 | F5: {=INDEX(FromSimSail!$B$1:$T$32,$B5,E$1)*COS($A5)} -> 1.5809634 | G5: {=INDEX(FromSimSail!$B$1:$T$32,$B5,G$1)*SIN($A5)} -> 1.3765834 | H5: {=INDEX(FromSimSail!$B$1:$T$32,$B5,G$1)*COS($A5)} -> 1.9659649 | I5: {=INDEX(FromSimSail!$B$1:$T$32,$B5,I$1)*SIN($A5)} -> 1.6289571 | J5: {=INDEX(FromSimSail!$B$1:$T$32,$B5,I$1)*COS($A5)} -> 2.3263918 | K5: {=INDEX(FromSimSail!$B$1:$T$32,$B5,K$1)*SIN($A5)} -> 1.8469161 | L5: {=INDEX(FromSimSail!$B$1:$T$32,$B5,K$1)*COS($A5)} -> 2.6376696 | M5: {=INDEX(FromSimSail!$B$1:$T$32,$B5,M$1)*SIN($A5)} -> 2.0419321 | N5: {=INDEX(FromSimSail!$B$1:$T$32,$B5,M$1)*COS($A5)} -> 2.9161813 | O5: {=INDEX(FromSimSail!$B$1:$T$32,$B5,O$1)*SIN($A5)} -> 2.2254766 | P5: {=INDEX(FromSimSail!$B$1:$T$32,$B5,O$1)*COS($A5)} -> 3.1783099 | Q5: {=INDEX(FromSimSail!$B$1:$T$32,$B5,Q$1)*SIN($A5)} -> 2.3803422 | R5: {=INDEX(FromSimSail!$B$1:$T$32,$B5,Q$1)*COS($A5)} -> 3.399481 | S5: {=INDEX(FromSimSail!$B$1:$T$32,$B5,S$1)*SIN($A5)} -> 2.6327158 | T5: {=INDEX(FromSimSail!$B$1:$T$32,$B5,S$1)*COS($A5)} -> 3.7599079 | U5: {=INDEX(FromSimSail!$B$1:$T$32,$B5,U$1)*SIN($A5)} -> 2.8850895 | V5: {=INDEX(FromSimSail!$B$1:$T$32,$B5,U$1)*COS($A5)} -> 4.1203348 | W5: {=INDEX(FromSimSail!$B$1:$T$32,$B5,W$1)*SIN($A5)} -> 2.9653902 | X5: {=INDEX(FromSimSail!$B$1:$T$32,$B5,W$1)*COS($A5)} -> 4.2350161 | Y5: {=INDEX(FromSimSail!$B$1:$T$32,$B5,Y$1)*SIN($A5)} -> 3.0571624 | Z5: {=INDEX(FromSimSail!$B$1:$T$32,$B5,Y$1)*COS($A5)} -> 4.3660804 | AA5: {=INDEX(FromSimSail!$B$1:$T$32,$B5,AA$1)*SIN($A5)} -> 3.1776135 | AB5: {=INDEX(FromSimSail!$B$1:$T$32,$B5,AA$1)*COS($A5)} -> 4.5381023 | AC5: {=INDEX(FromSimSail!$B$1:$T$32,$B5,AC$1)*SIN($A5)} -> 3.1431989 | AD5: {=INDEX(FromSimSail!$B$1:$T$32,$B5,AC$1)*COS($A5)} -> 4.4889532 | AE5: {=INDEX(FromSimSail!$B$1:$T$32,$B5,AE$1)*SIN($A5)} -> 3.1030485 | AF5: {=INDEX(FromSimSail!$B$1:$T$32,$B5,AE$1)*COS($A5)} -> 4.4316126 | AG5: {=INDEX(FromSimSail!$B$1:$T$32,$B5,AG$1)*SIN($A5)} -> 3.0858412 | AH5: {=INDEX(FromSimSail!$B$1:$T$32,$B5,AG$1)*COS($A5)} -> 4.407038 | AI5: {=INDEX(FromSimSail!$B$1:$T$32,$B5,AI$1)*SIN($A5)} -> 3.0628982 | AJ5: {=INDEX(FromSimSail!$B$1:$T$32,$B5,AI$1)*COS($A5)} -> 4.3742719 | AK5: {=INDEX(FromSimSail!$B$1:$T$32,$B5,AK$1)*SIN($A5)} -> 3.0227478 | AL5: {=INDEX(FromSimSail!$B$1:$T$32,$B5,AK$1)*COS($A5)} -> 4.3169313 | AM5: {=INDEX(FromSimSail!$B$1:$T$32,$B5,AM$1)*SIN($A5)} -> 2.9825975 | AN5: {=INDEX(FromSimSail!$B$1:$T$32,$B5,AM$1)*COS($A5)} -> 4.2595906
A6: =FromSimSail!A4*Info!$B$3 -> 0.6981317 | B6: =B5+1 -> 4 | C6: {=INDEX(FromSimSail!$B$1:$T$32,$B6,C$1)*SIN($A6)} -> 0.70706637 | D6: {=INDEX(FromSimSail!$B$1:$T$32,$B6,C$1)*COS($A6)} -> 0.84264889 | E6: {=INDEX(FromSimSail!$B$1:$T$32,$B6,E$1)*SIN($A6)} -> 1.4205606 | F6: {=INDEX(FromSimSail!$B$1:$T$32,$B6,E$1)*COS($A6)} -> 1.6929582 | G6: {=INDEX(FromSimSail!$B$1:$T$32,$B6,G$1)*SIN($A6)} -> 1.7740938 | H6: {=INDEX(FromSimSail!$B$1:$T$32,$B6,G$1)*COS($A6)} -> 2.1142827 | I6: {=INDEX(FromSimSail!$B$1:$T$32,$B6,I$1)*SIN($A6)} -> 2.0954876 | J6: {=INDEX(FromSimSail!$B$1:$T$32,$B6,I$1)*COS($A6)} -> 2.4973049 | K6: {=INDEX(FromSimSail!$B$1:$T$32,$B6,K$1)*SIN($A6)} -> 2.3783142 | L6: {=INDEX(FromSimSail!$B$1:$T$32,$B6,K$1)*COS($A6)} -> 2.8343644 | M6: {=INDEX(FromSimSail!$B$1:$T$32,$B6,M$1)*SIN($A6)} -> 2.6354292 | N6: {=INDEX(FromSimSail!$B$1:$T$32,$B6,M$1)*COS($A6)} -> 3.1407822 | O6: {=INDEX(FromSimSail!$B$1:$T$32,$B6,O$1)*SIN($A6)} -> 2.8604049 | P6: {=INDEX(FromSimSail!$B$1:$T$32,$B6,O$1)*COS($A6)} -> 3.4088978 | Q6: {=INDEX(FromSimSail!$B$1:$T$32,$B6,Q$1)*SIN($A6)} -> 3.0532411 | R6: {=INDEX(FromSimSail!$B$1:$T$32,$B6,Q$1)*COS($A6)} -> 3.6387111 | S6: {=INDEX(FromSimSail!$B$1:$T$32,$B6,S$1)*SIN($A6)} -> 3.3810628 | T6: {=INDEX(FromSimSail!$B$1:$T$32,$B6,S$1)*COS($A6)} -> 4.0293938 | U6: {=INDEX(FromSimSail!$B$1:$T$32,$B6,U$1)*SIN($A6)} -> 3.6767451 | V6: {=INDEX(FromSimSail!$B$1:$T$32,$B6,U$1)*COS($A6)} -> 4.3817742 | W6: {=INDEX(FromSimSail!$B$1:$T$32,$B6,W$1)*SIN($A6)} -> 3.8438699 | X6: {=INDEX(FromSimSail!$B$1:$T$32,$B6,W$1)*COS($A6)} -> 4.5809458 | Y6: {=INDEX(FromSimSail!$B$1:$T$32,$B6,Y$1)*SIN($A6)} -> 3.9531438 | Z6: {=INDEX(FromSimSail!$B$1:$T$32,$B6,Y$1)*COS($A6)} -> 4.7111733 | AA6: {=INDEX(FromSimSail!$B$1:$T$32,$B6,AA$1)*SIN($A6)} -> 4.0881292 | AB6: {=INDEX(FromSimSail!$B$1:$T$32,$B6,AA$1)*COS($A6)} -> 4.8720427 | AC6: {=INDEX(FromSimSail!$B$1:$T$32,$B6,AC$1)*SIN($A6)} -> 4.0431341 | AD6: {=INDEX(FromSimSail!$B$1:$T$32,$B6,AC$1)*COS($A6)} -> 4.8184195 | AE6: {=INDEX(FromSimSail!$B$1:$T$32,$B6,AE$1)*SIN($A6)} -> 3.9917111 | AF6: {=INDEX(FromSimSail!$B$1:$T$32,$B6,AE$1)*COS($A6)} -> 4.757136 | AG6: {=INDEX(FromSimSail!$B$1:$T$32,$B6,AG$1)*SIN($A6)} -> 3.9724274 | AH6: {=INDEX(FromSimSail!$B$1:$T$32,$B6,AG$1)*COS($A6)} -> 4.7341547 | AI6: {=INDEX(FromSimSail!$B$1:$T$32,$B6,AI$1)*SIN($A6)} -> 3.9467159 | AJ6: {=INDEX(FromSimSail!$B$1:$T$32,$B6,AI$1)*COS($A6)} -> 4.7035129 | AK6: {=INDEX(FromSimSail!$B$1:$T$32,$B6,AK$1)*SIN($A6)} -> 3.9081487 | AL6: {=INDEX(FromSimSail!$B$1:$T$32,$B6,AK$1)*COS($A6)} -> 4.6575502 | AM6: {=INDEX(FromSimSail!$B$1:$T$32,$B6,AM$1)*SIN($A6)} -> 3.8567257 | AN6: {=INDEX(FromSimSail!$B$1:$T$32,$B6,AM$1)*COS($A6)} -> 4.5962667
A7: =FromSimSail!A5*Info!$B$3 -> 0.78539816 | B7: =B6+1 -> 5 | C7: {=INDEX(FromSimSail!$B$1:$T$32,$B7,C$1)*SIN($A7)} -> 0.87681241 | D7: {=INDEX(FromSimSail!$B$1:$T$32,$B7,C$1)*COS($A7)} -> 0.87681241 | E7: {=INDEX(FromSimSail!$B$1:$T$32,$B7,E$1)*SIN($A7)} -> 1.767767 | F7: {=INDEX(FromSimSail!$B$1:$T$32,$B7,E$1)*COS($A7)} -> 1.767767 | G7: {=INDEX(FromSimSail!$B$1:$T$32,$B7,G$1)*SIN($A7)} -> 2.1991021 | H7: {=INDEX(FromSimSail!$B$1:$T$32,$B7,G$1)*COS($A7)} -> 2.1991021 | I7: {=INDEX(FromSimSail!$B$1:$T$32,$B7,I$1)*SIN($A7)} -> 2.5950819 | J7: {=INDEX(FromSimSail!$B$1:$T$32,$B7,I$1)*COS($A7)} -> 2.5950819 | K7: {=INDEX(FromSimSail!$B$1:$T$32,$B7,K$1)*SIN($A7)} -> 2.9344931 | L7: {=INDEX(FromSimSail!$B$1:$T$32,$B7,K$1)*COS($A7)} -> 2.9344931 | M7: {=INDEX(FromSimSail!$B$1:$T$32,$B7,M$1)*SIN($A7)} -> 3.2385491 | N7: {=INDEX(FromSimSail!$B$1:$T$32,$B7,M$1)*COS($A7)} -> 3.2385491 | O7: {=INDEX(FromSimSail!$B$1:$T$32,$B7,O$1)*SIN($A7)} -> 3.5001786 | P7: {=INDEX(FromSimSail!$B$1:$T$32,$B7,O$1)*COS($A7)} -> 3.5001786 | Q7: {=INDEX(FromSimSail!$B$1:$T$32,$B7,Q$1)*SIN($A7)} -> 3.7335238 | R7: {=INDEX(FromSimSail!$B$1:$T$32,$B7,Q$1)*COS($A7)} -> 3.7335238 | S7: {=INDEX(FromSimSail!$B$1:$T$32,$B7,S$1)*SIN($A7)} -> 4.1295036 | T7: {=INDEX(FromSimSail!$B$1:$T$32,$B7,S$1)*COS($A7)} -> 4.1295036 | U7: {=INDEX(FromSimSail!$B$1:$T$32,$B7,U$1)*SIN($A7)} -> 4.4759859 | V7: {=INDEX(FromSimSail!$B$1:$T$32,$B7,U$1)*COS($A7)} -> 4.4759859 | W7: {=INDEX(FromSimSail!$B$1:$T$32,$B7,W$1)*SIN($A7)} -> 4.7164022 | X7: {=INDEX(FromSimSail!$B$1:$T$32,$B7,W$1)*COS($A7)} -> 4.7164022 | Y7: {=INDEX(FromSimSail!$B$1:$T$32,$B7,Y$1)*SIN($A7)} -> 4.8224682 | Z7: {=INDEX(FromSimSail!$B$1:$T$32,$B7,Y$1)*COS($A7)} -> 4.8224682 | AA7: {=INDEX(FromSimSail!$B$1:$T$32,$B7,AA$1)*SIN($A7)} -> 4.9285343 | AB7: {=INDEX(FromSimSail!$B$1:$T$32,$B7,AA$1)*COS($A7)} -> 4.9285343 | AC7: {=INDEX(FromSimSail!$B$1:$T$32,$B7,AC$1)*SIN($A7)} -> 4.8790368 | AD7: {=INDEX(FromSimSail!$B$1:$T$32,$B7,AC$1)*COS($A7)} -> 4.8790368 | AE7: {=INDEX(FromSimSail!$B$1:$T$32,$B7,AE$1)*SIN($A7)} -> 4.8295393 | AF7: {=INDEX(FromSimSail!$B$1:$T$32,$B7,AE$1)*COS($A7)} -> 4.8295393 | AG7: {=INDEX(FromSimSail!$B$1:$T$32,$B7,AG$1)*SIN($A7)} -> 4.8083261 | AH7: {=INDEX(FromSimSail!$B$1:$T$32,$B7,AG$1)*COS($A7)} -> 4.8083261 | AI7: {=INDEX(FromSimSail!$B$1:$T$32,$B7,AI$1)*SIN($A7)} -> 4.7800418 | AJ7: {=INDEX(FromSimSail!$B$1:$T$32,$B7,AI$1)*COS($A7)} -> 4.7800418 | AK7: {=INDEX(FromSimSail!$B$1:$T$32,$B7,AK$1)*SIN($A7)} -> 4.7305444 | AL7: {=INDEX(FromSimSail!$B$1:$T$32,$B7,AK$1)*COS($A7)} -> 4.7305444 | AM7: {=INDEX(FromSimSail!$B$1:$T$32,$B7,AM$1)*SIN($A7)} -> 4.6810469 | AN7: {=INDEX(FromSimSail!$B$1:$T$32,$B7,AM$1)*COS($A7)} -> 4.6810469
A8: =FromSimSail!A6*Info!$B$3 -> 0.87266463 | B8: =B7+1 -> 6 | C8: {=INDEX(FromSimSail!$B$1:$T$32,$B8,C$1)*SIN($A8)} -> 1.0494809 | D8: {=INDEX(FromSimSail!$B$1:$T$32,$B8,C$1)*COS($A8)} -> 0.88061903 | E8: {=INDEX(FromSimSail!$B$1:$T$32,$B8,E$1)*SIN($A8)} -> 2.1142827 | F8: {=INDEX(FromSimSail!$B$1:$T$32,$B8,E$1)*COS($A8)} -> 1.7740938 | G8: {=INDEX(FromSimSail!$B$1:$T$32,$B8,G$1)*SIN($A8)} -> 2.619872 | H8: {=INDEX(FromSimSail!$B$1:$T$32,$B8,G$1)*COS($A8)} -> 2.1983336 | I8: {=INDEX(FromSimSail!$B$1:$T$32,$B8,I$1)*SIN($A8)} -> 3.0794987 | J8: {=INDEX(FromSimSail!$B$1:$T$32,$B8,I$1)*COS($A8)} -> 2.5840062 | K8: {=INDEX(FromSimSail!$B$1:$T$32,$B8,K$1)*SIN($A8)} -> 3.4701813 | L8: {=INDEX(FromSimSail!$B$1:$T$32,$B8,K$1)*COS($A8)} -> 2.9118279 | M8: {=INDEX(FromSimSail!$B$1:$T$32,$B8,M$1)*SIN($A8)} -> 3.7995804 | N8: {=INDEX(FromSimSail!$B$1:$T$32,$B8,M$1)*COS($A8)} -> 3.1882265 | O8: {=INDEX(FromSimSail!$B$1:$T$32,$B8,O$1)*SIN($A8)} -> 4.0983378 | P8: {=INDEX(FromSimSail!$B$1:$T$32,$B8,O$1)*COS($A8)} -> 3.4389137 | Q8: {=INDEX(FromSimSail!$B$1:$T$32,$B8,Q$1)*SIN($A8)} -> 4.3511324 | R8: {=INDEX(FromSimSail!$B$1:$T$32,$B8,Q$1)*COS($A8)} -> 3.6510336 | S8: {=INDEX(FromSimSail!$B$1:$T$32,$B8,S$1)*SIN($A8)} -> 4.8107591 | T8: {=INDEX(FromSimSail!$B$1:$T$32,$B8,S$1)*COS($A8)} -> 4.0367062 | U8: {=INDEX(FromSimSail!$B$1:$T$32,$B8,U$1)*SIN($A8)} -> 5.2014418 | V8: {=INDEX(FromSimSail!$B$1:$T$32,$B8,U$1)*COS($A8)} -> 4.3645279 | W8: {=INDEX(FromSimSail!$B$1:$T$32,$B8,W$1)*SIN($A8)} -> 5.4312551 | X8: {=INDEX(FromSimSail!$B$1:$T$32,$B8,W$1)*COS($A8)} -> 4.5573642 | Y8: {=INDEX(FromSimSail!$B$1:$T$32,$B8,Y$1)*SIN($A8)} -> 5.5308409 | Z8: {=INDEX(FromSimSail!$B$1:$T$32,$B8,Y$1)*COS($A8)} -> 4.6409265 | AA8: {=INDEX(FromSimSail!$B$1:$T$32,$B8,AA$1)*SIN($A8)} -> 5.6304267 | AB8: {=INDEX(FromSimSail!$B$1:$T$32,$B8,AA$1)*COS($A8)} -> 4.7244889 | AC8: {=INDEX(FromSimSail!$B$1:$T$32,$B8,AC$1)*SIN($A8)} -> 5.5768035 | AD8: {=INDEX(FromSimSail!$B$1:$T$32,$B8,AC$1)*COS($A8)} -> 4.6794938 | AE8: {=INDEX(FromSimSail!$B$1:$T$32,$B8,AE$1)*SIN($A8)} -> 5.5308409 | AF8: {=INDEX(FromSimSail!$B$1:$T$32,$B8,AE$1)*COS($A8)} -> 4.6409265 | AG8: {=INDEX(FromSimSail!$B$1:$T$32,$B8,AG$1)*SIN($A8)} -> 5.5078595 | AH8: {=INDEX(FromSimSail!$B$1:$T$32,$B8,AG$1)*COS($A8)} -> 4.6216429 | AI8: {=INDEX(FromSimSail!$B$1:$T$32,$B8,AI$1)*SIN($A8)} -> 5.4772178 | AJ8: {=INDEX(FromSimSail!$B$1:$T$32,$B8,AI$1)*COS($A8)} -> 4.5959314 | AK8: {=INDEX(FromSimSail!$B$1:$T$32,$B8,AK$1)*SIN($A8)} -> 5.4312551 | AL8: {=INDEX(FromSimSail!$B$1:$T$32,$B8,AK$1)*COS($A8)} -> 4.5573642 | AM8: {=INDEX(FromSimSail!$B$1:$T$32,$B8,AM$1)*SIN($A8)} -> 5.377632 | AN8: {=INDEX(FromSimSail!$B$1:$T$32,$B8,AM$1)*COS($A8)} -> 4.512369
A9: =FromSimSail!A7*Info!$B$3 -> 0.95993109 | B9: =B8+1 -> 7 | C9: {=INDEX(FromSimSail!$B$1:$T$32,$B9,C$1)*SIN($A9)} -> 1.2041535 | D9: {=INDEX(FromSimSail!$B$1:$T$32,$B9,C$1)*COS($A9)} -> 0.84315736 | E9: {=INDEX(FromSimSail!$B$1:$T$32,$B9,E$1)*SIN($A9)} -> 2.4410731 | F9: {=INDEX(FromSimSail!$B$1:$T$32,$B9,E$1)*COS($A9)} -> 1.7092578 | G9: {=INDEX(FromSimSail!$B$1:$T$32,$B9,G$1)*SIN($A9)} -> 3.0144795 | H9: {=INDEX(FromSimSail!$B$1:$T$32,$B9,G$1)*COS($A9)} -> 2.1107613 | I9: {=INDEX(FromSimSail!$B$1:$T$32,$B9,I$1)*SIN($A9)} -> 3.5387368 | J9: {=INDEX(FromSimSail!$B$1:$T$32,$B9,I$1)*COS($A9)} -> 2.4778502 | K9: {=INDEX(FromSimSail!$B$1:$T$32,$B9,K$1)*SIN($A9)} -> 3.9646959 | L9: {=INDEX(FromSimSail!$B$1:$T$32,$B9,K$1)*COS($A9)} -> 2.77611 | M9: {=INDEX(FromSimSail!$B$1:$T$32,$B9,M$1)*SIN($A9)} -> 4.3251228 | N9: {=INDEX(FromSimSail!$B$1:$T$32,$B9,M$1)*COS($A9)} -> 3.0284836 | O9: {=INDEX(FromSimSail!$B$1:$T$32,$B9,O$1)*SIN($A9)} -> 4.6364006 | P9: {=INDEX(FromSimSail!$B$1:$T$32,$B9,O$1)*COS($A9)} -> 3.2464426 | Q9: {=INDEX(FromSimSail!$B$1:$T$32,$B9,Q$1)*SIN($A9)} -> 4.9231038 | R9: {=INDEX(FromSimSail!$B$1:$T$32,$B9,Q$1)*COS($A9)} -> 3.4471944 | S9: {=INDEX(FromSimSail!$B$1:$T$32,$B9,S$1)*SIN($A9)} -> 5.4391696 | T9: {=INDEX(FromSimSail!$B$1:$T$32,$B9,S$1)*COS($A9)} -> 3.8085475 | U9: {=INDEX(FromSimSail!$B$1:$T$32,$B9,U$1)*SIN($A9)} -> 5.8405541 | V9: {=INDEX(FromSimSail!$B$1:$T$32,$B9,U$1)*COS($A9)} -> 4.0896 | W9: {=INDEX(FromSimSail!$B$1:$T$32,$B9,W$1)*SIN($A9)} -> 6.0944912 | X9: {=INDEX(FromSimSail!$B$1:$T$32,$B9,W$1)*COS($A9)} -> 4.2674087 | Y9: {=INDEX(FromSimSail!$B$1:$T$32,$B9,Y$1)*SIN($A9)} -> 6.1764064 | Z9: {=INDEX(FromSimSail!$B$1:$T$32,$B9,Y$1)*COS($A9)} -> 4.3247663 | AA9: {=INDEX(FromSimSail!$B$1:$T$32,$B9,AA$1)*SIN($A9)} -> 6.2665131 | AB9: {=INDEX(FromSimSail!$B$1:$T$32,$B9,AA$1)*COS($A9)} -> 4.3878597 | AC9: {=INDEX(FromSimSail!$B$1:$T$32,$B9,AC$1)*SIN($A9)} -> 6.217364 | AD9: {=INDEX(FromSimSail!$B$1:$T$32,$B9,AC$1)*COS($A9)} -> 4.3534452 | AE9: {=INDEX(FromSimSail!$B$1:$T$32,$B9,AE$1)*SIN($A9)} -> 6.1682149 | AF9: {=INDEX(FromSimSail!$B$1:$T$32,$B9,AE$1)*COS($A9)} -> 4.3190306 | AG9: {=INDEX(FromSimSail!$B$1:$T$32,$B9,AG$1)*SIN($A9)} -> 6.1436403 | AH9: {=INDEX(FromSimSail!$B$1:$T$32,$B9,AG$1)*COS($A9)} -> 4.3018233 | AI9: {=INDEX(FromSimSail!$B$1:$T$32,$B9,AI$1)*SIN($A9)} -> 6.1190658 | AJ9: {=INDEX(FromSimSail!$B$1:$T$32,$B9,AI$1)*COS($A9)} -> 4.284616 | AK9: {=INDEX(FromSimSail!$B$1:$T$32,$B9,AK$1)*SIN($A9)} -> 6.0699166 | AL9: {=INDEX(FromSimSail!$B$1:$T$32,$B9,AK$1)*COS($A9)} -> 4.2502014 | AM9: {=INDEX(FromSimSail!$B$1:$T$32,$B9,AM$1)*SIN($A9)} -> 6.0207675 | AN9: {=INDEX(FromSimSail!$B$1:$T$32,$B9,AM$1)*COS($A9)} -> 4.2157868
A10: =FromSimSail!A8*Info!$B$3 -> 1.0471976 | B10: =B9+1 -> 8 | C10: {=INDEX(FromSimSail!$B$1:$T$32,$B10,C$1)*SIN($A10)} -> 1.3423394 | D10: {=INDEX(FromSimSail!$B$1:$T$32,$B10,C$1)*COS($A10)} -> 0.775 | E10: {=INDEX(FromSimSail!$B$1:$T$32,$B10,E$1)*SIN($A10)} -> 2.7106595 | F10: {=INDEX(FromSimSail!$B$1:$T$32,$B10,E$1)*COS($A10)} -> 1.565 | G10: {=INDEX(FromSimSail!$B$1:$T$32,$B10,G$1)*SIN($A10)} -> 3.3515183 | H10: {=INDEX(FromSimSail!$B$1:$T$32,$B10,G$1)*COS($A10)} -> 1.935 | I10: {=INDEX(FromSimSail!$B$1:$T$32,$B10,I$1)*SIN($A10)} -> 3.9230951 | J10: {=INDEX(FromSimSail!$B$1:$T$32,$B10,I$1)*COS($A10)} -> 2.265 | K10: {=INDEX(FromSimSail!$B$1:$T$32,$B10,K$1)*SIN($A10)} -> 4.3734283 | L10: {=INDEX(FromSimSail!$B$1:$T$32,$B10,K$1)*COS($A10)} -> 2.525 | M10: {=INDEX(FromSimSail!$B$1:$T$32,$B10,M$1)*SIN($A10)} -> 4.7544795 | N10: {=INDEX(FromSimSail!$B$1:$T$32,$B10,M$1)*COS($A10)} -> 2.745 | O10: {=INDEX(FromSimSail!$B$1:$T$32,$B10,O$1)*SIN($A10)} -> 5.0922294 | P10: {=INDEX(FromSimSail!$B$1:$T$32,$B10,O$1)*COS($A10)} -> 2.94 | Q10: {=INDEX(FromSimSail!$B$1:$T$32,$B10,Q$1)*SIN($A10)} -> 5.3953383 | R10: {=INDEX(FromSimSail!$B$1:$T$32,$B10,Q$1)*COS($A10)} -> 3.115 | S10: {=INDEX(FromSimSail!$B$1:$T$32,$B10,S$1)*SIN($A10)} -> 5.9495945 | T10: {=INDEX(FromSimSail!$B$1:$T$32,$B10,S$1)*COS($A10)} -> 3.435 | U10: {=INDEX(FromSimSail!$B$1:$T$32,$B10,U$1)*SIN($A10)} -> 6.339306 | V10: {=INDEX(FromSimSail!$B$1:$T$32,$B10,U$1)*COS($A10)} -> 3.66 | W10: {=INDEX(FromSimSail!$B$1:$T$32,$B10,W$1)*SIN($A10)} -> 6.5731328 | X10: {=INDEX(FromSimSail!$B$1:$T$32,$B10,W$1)*COS($A10)} -> 3.795 | Y10: {=INDEX(FromSimSail!$B$1:$T$32,$B10,Y$1)*SIN($A10)} -> 6.6597354 | Z10: {=INDEX(FromSimSail!$B$1:$T$32,$B10,Y$1)*COS($A10)} -> 3.845 | AA10: {=INDEX(FromSimSail!$B$1:$T$32,$B10,AA$1)*SIN($A10)} -> 6.7549981 | AB10: {=INDEX(FromSimSail!$B$1:$T$32,$B10,AA$1)*COS($A10)} -> 3.9 | AC10: {=INDEX(FromSimSail!$B$1:$T$32,$B10,AC$1)*SIN($A10)} -> 6.7116969 | AD10: {=INDEX(FromSimSail!$B$1:$T$32,$B10,AC$1)*COS($A10)} -> 3.875 | AE10: {=INDEX(FromSimSail!$B$1:$T$32,$B10,AE$1)*SIN($A10)} -> 6.6683956 | AF10: {=INDEX(FromSimSail!$B$1:$T$32,$B10,AE$1)*COS($A10)} -> 3.85 | AG10: {=INDEX(FromSimSail!$B$1:$T$32,$B10,AG$1)*SIN($A10)} -> 6.6424148 | AH10: {=INDEX(FromSimSail!$B$1:$T$32,$B10,AG$1)*COS($A10)} -> 3.835 | AI10: {=INDEX(FromSimSail!$B$1:$T$32,$B10,AI$1)*SIN($A10)} -> 6.6250943 | AJ10: {=INDEX(FromSimSail!$B$1:$T$32,$B10,AI$1)*COS($A10)} -> 3.825 | AK10: {=INDEX(FromSimSail!$B$1:$T$32,$B10,AK$1)*SIN($A10)} -> 6.5731328 | AL10: {=INDEX(FromSimSail!$B$1:$T$32,$B10,AK$1)*COS($A10)} -> 3.795 | AM10: {=INDEX(FromSimSail!$B$1:$T$32,$B10,AM$1)*SIN($A10)} -> 6.5298315 | AN10: {=INDEX(FromSimSail!$B$1:$T$32,$B10,AM$1)*COS($A10)} -> 3.77
A11: =FromSimSail!A9*Info!$B$3 -> 1.134464 | B11: =B10+1 -> 9 | C11: {=INDEX(FromSimSail!$B$1:$T$32,$B11,C$1)*SIN($A11)} -> 1.4591555 | D11: {=INDEX(FromSimSail!$B$1:$T$32,$B11,C$1)*COS($A11)} -> 0.6804154 | E11: {=INDEX(FromSimSail!$B$1:$T$32,$B11,E$1)*SIN($A11)} -> 2.9364372 | F11: {=INDEX(FromSimSail!$B$1:$T$32,$B11,E$1)*COS($A11)} -> 1.3692832 | G11: {=INDEX(FromSimSail!$B$1:$T$32,$B11,G$1)*SIN($A11)} -> 3.6342942 | H11: {=INDEX(FromSimSail!$B$1:$T$32,$B11,G$1)*COS($A11)} -> 1.6946992 | I11: {=INDEX(FromSimSail!$B$1:$T$32,$B11,I$1)*SIN($A11)} -> 4.2415204 | J11: {=INDEX(FromSimSail!$B$1:$T$32,$B11,I$1)*COS($A11)} -> 1.9778535 | K11: {=INDEX(FromSimSail!$B$1:$T$32,$B11,K$1)*SIN($A11)} -> 4.7218636 | L11: {=INDEX(FromSimSail!$B$1:$T$32,$B11,K$1)*COS($A11)} -> 2.2018411 | M11: {=INDEX(FromSimSail!$B$1:$T$32,$B11,M$1)*SIN($A11)} -> 5.120639 | N11: {=INDEX(FromSimSail!$B$1:$T$32,$B11,M$1)*COS($A11)} -> 2.3877932 | O11: {=INDEX(FromSimSail!$B$1:$T$32,$B11,O$1)*SIN($A11)} -> 5.474099 | P11: {=INDEX(FromSimSail!$B$1:$T$32,$B11,O$1)*COS($A11)} -> 2.5526143 | Q11: {=INDEX(FromSimSail!$B$1:$T$32,$B11,Q$1)*SIN($A11)} -> 5.7913068 | R11: {=INDEX(FromSimSail!$B$1:$T$32,$B11,Q$1)*COS($A11)} -> 2.7005307 | S11: {=INDEX(FromSimSail!$B$1:$T$32,$B11,S$1)*SIN($A11)} -> 6.3622807 | T11: {=INDEX(FromSimSail!$B$1:$T$32,$B11,S$1)*COS($A11)} -> 2.9667802 | U11: {=INDEX(FromSimSail!$B$1:$T$32,$B11,U$1)*SIN($A11)} -> 6.751993 | V11: {=INDEX(FromSimSail!$B$1:$T$32,$B11,U$1)*COS($A11)} -> 3.148506 | W11: {=INDEX(FromSimSail!$B$1:$T$32,$B11,W$1)*SIN($A11)} -> 6.987633 | X11: {=INDEX(FromSimSail!$B$1:$T$32,$B11,W$1)*COS($A11)} -> 3.2583868 | Y11: {=INDEX(FromSimSail!$B$1:$T$32,$B11,Y$1)*SIN($A11)} -> 7.0782638 | Z11: {=INDEX(FromSimSail!$B$1:$T$32,$B11,Y$1)*COS($A11)} -> 3.3006486 | AA11: {=INDEX(FromSimSail!$B$1:$T$32,$B11,AA$1)*SIN($A11)} -> 7.1960838 | AB11: {=INDEX(FromSimSail!$B$1:$T$32,$B11,AA$1)*COS($A11)} -> 3.355589 | AC11: {=INDEX(FromSimSail!$B$1:$T$32,$B11,AC$1)*SIN($A11)} -> 7.1507684 | AD11: {=INDEX(FromSimSail!$B$1:$T$32,$B11,AC$1)*COS($A11)} -> 3.3344581 | AE11: {=INDEX(FromSimSail!$B$1:$T$32,$B11,AE$1)*SIN($A11)} -> 7.1145161 | AF11: {=INDEX(FromSimSail!$B$1:$T$32,$B11,AE$1)*COS($A11)} -> 3.3175534 | AG11: {=INDEX(FromSimSail!$B$1:$T$32,$B11,AG$1)*SIN($A11)} -> 7.09639 | AH11: {=INDEX(FromSimSail!$B$1:$T$32,$B11,AG$1)*COS($A11)} -> 3.309101 | AI11: {=INDEX(FromSimSail!$B$1:$T$32,$B11,AI$1)*SIN($A11)} -> 7.0782638 | AJ11: {=INDEX(FromSimSail!$B$1:$T$32,$B11,AI$1)*COS($A11)} -> 3.3006486 | AK11: {=INDEX(FromSimSail!$B$1:$T$32,$B11,AK$1)*SIN($A11)} -> 7.0420115 | AL11: {=INDEX(FromSimSail!$B$1:$T$32,$B11,AK$1)*COS($A11)} -> 3.2837439 | AM11: {=INDEX(FromSimSail!$B$1:$T$32,$B11,AM$1)*SIN($A11)} -> 6.9966961 | AN11: {=INDEX(FromSimSail!$B$1:$T$32,$B11,AM$1)*COS($A11)} -> 3.262613
A12: =FromSimSail!A10*Info!$B$3 -> 1.2217305 | B12: =B11+1 -> 10 | C12: {=INDEX(FromSimSail!$B$1:$T$32,$B12,C$1)*SIN($A12)} -> 1.5504928 | D12: {=INDEX(FromSimSail!$B$1:$T$32,$B12,C$1)*COS($A12)} -> 0.56433324 | E12: {=INDEX(FromSimSail!$B$1:$T$32,$B12,E$1)*SIN($A12)} -> 3.1291764 | F12: {=INDEX(FromSimSail!$B$1:$T$32,$B12,E$1)*COS($A12)} -> 1.1389271 | G12: {=INDEX(FromSimSail!$B$1:$T$32,$B12,G$1)*SIN($A12)} -> 3.8621367 | H12: {=INDEX(FromSimSail!$B$1:$T$32,$B12,G$1)*COS($A12)} -> 1.4057028 | I12: {=INDEX(FromSimSail!$B$1:$T$32,$B12,I$1)*SIN($A12)} -> 4.5011277 | J12: {=INDEX(FromSimSail!$B$1:$T$32,$B12,I$1)*COS($A12)} -> 1.6382765 | K12: {=INDEX(FromSimSail!$B$1:$T$32,$B12,K$1)*SIN($A12)} -> 4.9897678 | L12: {=INDEX(FromSimSail!$B$1:$T$32,$B12,K$1)*COS($A12)} -> 1.816127 | M12: {=INDEX(FromSimSail!$B$1:$T$32,$B12,M$1)*SIN($A12)} -> 5.4032326 | N12: {=INDEX(FromSimSail!$B$1:$T$32,$B12,M$1)*COS($A12)} -> 1.9666158 | O12: {=INDEX(FromSimSail!$B$1:$T$32,$B12,O$1)*SIN($A12)} -> 5.7791096 | P12: {=INDEX(FromSimSail!$B$1:$T$32,$B12,O$1)*COS($A12)} -> 2.1034239 | Q12: {=INDEX(FromSimSail!$B$1:$T$32,$B12,Q$1)*SIN($A12)} -> 6.117399 | R12: {=INDEX(FromSimSail!$B$1:$T$32,$B12,Q$1)*COS($A12)} -> 2.2265511 | S12: {=INDEX(FromSimSail!$B$1:$T$32,$B12,S$1)*SIN($A12)} -> 6.6906115 | T12: {=INDEX(FromSimSail!$B$1:$T$32,$B12,S$1)*COS($A12)} -> 2.4351834 | U12: {=INDEX(FromSimSail!$B$1:$T$32,$B12,U$1)*SIN($A12)} -> 7.0664885 | V12: {=INDEX(FromSimSail!$B$1:$T$32,$B12,U$1)*COS($A12)} -> 2.5719915 | W12: {=INDEX(FromSimSail!$B$1:$T$32,$B12,W$1)*SIN($A12)} -> 7.3014117 | X12: {=INDEX(FromSimSail!$B$1:$T$32,$B12,W$1)*COS($A12)} -> 2.6574965 | Y12: {=INDEX(FromSimSail!$B$1:$T$32,$B12,Y$1)*SIN($A12)} -> 7.4141748 | Z12: {=INDEX(FromSimSail!$B$1:$T$32,$B12,Y$1)*COS($A12)} -> 2.6985389 | AA12: {=INDEX(FromSimSail!$B$1:$T$32,$B12,AA$1)*SIN($A12)} -> 7.5645256 | AB12: {=INDEX(FromSimSail!$B$1:$T$32,$B12,AA$1)*COS($A12)} -> 2.7532622 | AC12: {=INDEX(FromSimSail!$B$1:$T$32,$B12,AC$1)*SIN($A12)} -> 7.5269379 | AD12: {=INDEX(FromSimSail!$B$1:$T$32,$B12,AC$1)*COS($A12)} -> 2.7395813 | AE12: {=INDEX(FromSimSail!$B$1:$T$32,$B12,AE$1)*SIN($A12)} -> 7.4987471 | AF12: {=INDEX(FromSimSail!$B$1:$T$32,$B12,AE$1)*COS($A12)} -> 2.7293207 | AG12: {=INDEX(FromSimSail!$B$1:$T$32,$B12,AG$1)*SIN($A12)} -> 7.4799533 | AH12: {=INDEX(FromSimSail!$B$1:$T$32,$B12,AG$1)*COS($A12)} -> 2.7224803 | AI12: {=INDEX(FromSimSail!$B$1:$T$32,$B12,AI$1)*SIN($A12)} -> 7.4611594 | AJ12: {=INDEX(FromSimSail!$B$1:$T$32,$B12,AI$1)*COS($A12)} -> 2.7156399 | AK12: {=INDEX(FromSimSail!$B$1:$T$32,$B12,AK$1)*SIN($A12)} -> 7.4235717 | AL12: {=INDEX(FromSimSail!$B$1:$T$32,$B12,AK$1)*COS($A12)} -> 2.7019591 | AM12: {=INDEX(FromSimSail!$B$1:$T$32,$B12,AM$1)*SIN($A12)} -> 7.385984 | AN12: {=INDEX(FromSimSail!$B$1:$T$32,$B12,AM$1)*COS($A12)} -> 2.6882783
A13: =FromSimSail!A11*Info!$B$3 -> 1.3089969 | B13: =B12+1 -> 11 | C13: {=INDEX(FromSimSail!$B$1:$T$32,$B13,C$1)*SIN($A13)} -> 1.6130961 | D13: {=INDEX(FromSimSail!$B$1:$T$32,$B13,C$1)*COS($A13)} -> 0.43222781 | E13: {=INDEX(FromSimSail!$B$1:$T$32,$B13,E$1)*SIN($A13)} -> 3.25517 | F13: {=INDEX(FromSimSail!$B$1:$T$32,$B13,E$1)*COS($A13)} -> 0.87222018 | G13: {=INDEX(FromSimSail!$B$1:$T$32,$B13,G$1)*SIN($A13)} -> 4.0182514 | H13: {=INDEX(FromSimSail!$B$1:$T$32,$B13,G$1)*COS($A13)} -> 1.0766872 | I13: {=INDEX(FromSimSail!$B$1:$T$32,$B13,I$1)*SIN($A13)} -> 4.6847403 | J13: {=INDEX(FromSimSail!$B$1:$T$32,$B13,I$1)*COS($A13)} -> 1.2552724 | K13: {=INDEX(FromSimSail!$B$1:$T$32,$B13,K$1)*SIN($A13)} -> 5.1966809 | L13: {=INDEX(FromSimSail!$B$1:$T$32,$B13,K$1)*COS($A13)} -> 1.3924465 | M13: {=INDEX(FromSimSail!$B$1:$T$32,$B13,M$1)*SIN($A13)} -> 5.6216883 | N13: {=INDEX(FromSimSail!$B$1:$T$32,$B13,M$1)*COS($A13)} -> 1.5063268 | O13: {=INDEX(FromSimSail!$B$1:$T$32,$B13,O$1)*SIN($A13)} -> 6.0080586 | P13: {=INDEX(FromSimSail!$B$1:$T$32,$B13,O$1)*COS($A13)} -> 1.6098545 | Q13: {=INDEX(FromSimSail!$B$1:$T$32,$B13,Q$1)*SIN($A13)} -> 6.3557919 | R13: {=INDEX(FromSimSail!$B$1:$T$32,$B13,Q$1)*COS($A13)} -> 1.7030293 | S13: {=INDEX(FromSimSail!$B$1:$T$32,$B13,S$1)*SIN($A13)} -> 6.9353474 | T13: {=INDEX(FromSimSail!$B$1:$T$32,$B13,S$1)*COS($A13)} -> 1.8583207 | U13: {=INDEX(FromSimSail!$B$1:$T$32,$B13,U$1)*SIN($A13)} -> 7.3023992 | V13: {=INDEX(FromSimSail!$B$1:$T$32,$B13,U$1)*COS($A13)} -> 1.956672 | W13: {=INDEX(FromSimSail!$B$1:$T$32,$B13,W$1)*SIN($A13)} -> 7.5438807 | X13: {=INDEX(FromSimSail!$B$1:$T$32,$B13,W$1)*COS($A13)} -> 2.0213767 | Y13: {=INDEX(FromSimSail!$B$1:$T$32,$B13,Y$1)*SIN($A13)} -> 7.6791103 | Z13: {=INDEX(FromSimSail!$B$1:$T$32,$B13,Y$1)*COS($A13)} -> 2.0576114 | AA13: {=INDEX(FromSimSail!$B$1:$T$32,$B13,AA$1)*SIN($A13)} -> 7.852977 | AB13: {=INDEX(FromSimSail!$B$1:$T$32,$B13,AA$1)*COS($A13)} -> 2.1041988 | AC13: {=INDEX(FromSimSail!$B$1:$T$32,$B13,AC$1)*SIN($A13)} -> 7.8239992 | AD13: {=INDEX(FromSimSail!$B$1:$T$32,$B13,AC$1)*COS($A13)} -> 2.0964343 | AE13: {=INDEX(FromSimSail!$B$1:$T$32,$B13,AE$1)*SIN($A13)} -> 7.7950214 | AF13: {=INDEX(FromSimSail!$B$1:$T$32,$B13,AE$1)*COS($A13)} -> 2.0886697 | AG13: {=INDEX(FromSimSail!$B$1:$T$32,$B13,AG$1)*SIN($A13)} -> 7.7853622 | AH13: {=INDEX(FromSimSail!$B$1:$T$32,$B13,AG$1)*COS($A13)} -> 2.0860815 | AI13: {=INDEX(FromSimSail!$B$1:$T$32,$B13,AI$1)*SIN($A13)} -> 7.7757029 | AJ13: {=INDEX(FromSimSail!$B$1:$T$32,$B13,AI$1)*COS($A13)} -> 2.0834933 | AK13: {=INDEX(FromSimSail!$B$1:$T$32,$B13,AK$1)*SIN($A13)} -> 7.7467251 | AL13: {=INDEX(FromSimSail!$B$1:$T$32,$B13,AK$1)*COS($A13)} -> 2.0757287 | AM13: {=INDEX(FromSimSail!$B$1:$T$32,$B13,AM$1)*SIN($A13)} -> 7.7177474 | AN13: {=INDEX(FromSimSail!$B$1:$T$32,$B13,AM$1)*COS($A13)} -> 2.0679642
A14: =FromSimSail!A12*Info!$B$3 -> 1.3962634 | B14: =B13+1 -> 12 | C14: {=INDEX(FromSimSail!$B$1:$T$32,$B14,C$1)*SIN($A14)} -> 1.6643251 | D14: {=INDEX(FromSimSail!$B$1:$T$32,$B14,C$1)*COS($A14)} -> 0.29346542 | E14: {=INDEX(FromSimSail!$B$1:$T$32,$B14,E$1)*SIN($A14)} -> 3.3483464 | F14: {=INDEX(FromSimSail!$B$1:$T$32,$B14,E$1)*COS($A14)} -> 0.5904038 | G14: {=INDEX(FromSimSail!$B$1:$T$32,$B14,G$1)*SIN($A14)} -> 4.1263445 | H14: {=INDEX(FromSimSail!$B$1:$T$32,$B14,G$1)*COS($A14)} -> 0.72758586 | I14: {=INDEX(FromSimSail!$B$1:$T$32,$B14,I$1)*SIN($A14)} -> 4.8058618 | J14: {=INDEX(FromSimSail!$B$1:$T$32,$B14,I$1)*COS($A14)} -> 0.84740311 | K14: {=INDEX(FromSimSail!$B$1:$T$32,$B14,K$1)*SIN($A14)} -> 5.3179619 | L14: {=INDEX(FromSimSail!$B$1:$T$32,$B14,K$1)*COS($A14)} -> 0.93770016 | M14: {=INDEX(FromSimSail!$B$1:$T$32,$B14,M$1)*SIN($A14)} -> 5.7512773 | N14: {=INDEX(FromSimSail!$B$1:$T$32,$B14,M$1)*COS($A14)} -> 1.0141054 | O14: {=INDEX(FromSimSail!$B$1:$T$32,$B14,O$1)*SIN($A14)} -> 6.1452004 | P14: {=INDEX(FromSimSail!$B$1:$T$32,$B14,O$1)*COS($A14)} -> 1.0835646 | Q14: {=INDEX(FromSimSail!$B$1:$T$32,$B14,Q$1)*SIN($A14)} -> 6.4997312 | R14: {=INDEX(FromSimSail!$B$1:$T$32,$B14,Q$1)*COS($A14)} -> 1.146078 | S14: {=INDEX(FromSimSail!$B$1:$T$32,$B14,S$1)*SIN($A14)} -> 7.0906158 | T14: {=INDEX(FromSimSail!$B$1:$T$32,$B14,S$1)*COS($A14)} -> 1.2502669 | U14: {=INDEX(FromSimSail!$B$1:$T$32,$B14,U$1)*SIN($A14)} -> 7.4549947 | V14: {=INDEX(FromSimSail!$B$1:$T$32,$B14,U$1)*COS($A14)} -> 1.3145167 | W14: {=INDEX(FromSimSail!$B$1:$T$32,$B14,W$1)*SIN($A14)} -> 7.7110447 | X14: {=INDEX(FromSimSail!$B$1:$T$32,$B14,W$1)*COS($A14)} -> 1.3596652 | Y14: {=INDEX(FromSimSail!$B$1:$T$32,$B14,Y$1)*SIN($A14)} -> 7.8587659 | Z14: {=INDEX(FromSimSail!$B$1:$T$32,$B14,Y$1)*COS($A14)} -> 1.3857125 | AA14: {=INDEX(FromSimSail!$B$1:$T$32,$B14,AA$1)*SIN($A14)} -> 8.0557274 | AB14: {=INDEX(FromSimSail!$B$1:$T$32,$B14,AA$1)*COS($A14)} -> 1.4204421 | AC14: {=INDEX(FromSimSail!$B$1:$T$32,$B14,AC$1)*SIN($A14)} -> 8.0360313 | AD14: {=INDEX(FromSimSail!$B$1:$T$32,$B14,AC$1)*COS($A14)} -> 1.4169691 | AE14: {=INDEX(FromSimSail!$B$1:$T$32,$B14,AE$1)*SIN($A14)} -> 8.0163351 | AF14: {=INDEX(FromSimSail!$B$1:$T$32,$B14,AE$1)*COS($A14)} -> 1.4134962 | AG14: {=INDEX(FromSimSail!$B$1:$T$32,$B14,AG$1)*SIN($A14)} -> 8.006487 | AH14: {=INDEX(FromSimSail!$B$1:$T$32,$B14,AG$1)*COS($A14)} -> 1.4117597 | AI14: {=INDEX(FromSimSail!$B$1:$T$32,$B14,AI$1)*SIN($A14)} -> 7.996639 | AJ14: {=INDEX(FromSimSail!$B$1:$T$32,$B14,AI$1)*COS($A14)} -> 1.4100232 | AK14: {=INDEX(FromSimSail!$B$1:$T$32,$B14,AK$1)*SIN($A14)} -> 7.9867909 | AL14: {=INDEX(FromSimSail!$B$1:$T$32,$B14,AK$1)*COS($A14)} -> 1.4082867 | AM14: {=INDEX(FromSimSail!$B$1:$T$32,$B14,AM$1)*SIN($A14)} -> 7.9670947 | AN14: {=INDEX(FromSimSail!$B$1:$T$32,$B14,AM$1)*COS($A14)} -> 1.4048138
A15: =FromSimSail!A13*Info!$B$3 -> 1.4835299 | B15: =B14+1 -> 13 | C15: {=INDEX(FromSimSail!$B$1:$T$32,$B15,C$1)*SIN($A15)} -> 1.6736071 | D15: {=INDEX(FromSimSail!$B$1:$T$32,$B15,C$1)*COS($A15)} -> 0.14642165 | E15: {=INDEX(FromSimSail!$B$1:$T$32,$B15,E$1)*SIN($A15)} -> 3.3771 | F15: {=INDEX(FromSimSail!$B$1:$T$32,$B15,E$1)*COS($A15)} -> 0.29545797 | G15: {=INDEX(FromSimSail!$B$1:$T$32,$B15,G$1)*SIN($A15)} -> 4.1541319 | H15: {=INDEX(FromSimSail!$B$1:$T$32,$B15,G$1)*COS($A15)} -> 0.36343945 | I15: {=INDEX(FromSimSail!$B$1:$T$32,$B15,I$1)*SIN($A15)} -> 4.8514682 | J15: {=INDEX(FromSimSail!$B$1:$T$32,$B15,I$1)*COS($A15)} -> 0.42444847 | K15: {=INDEX(FromSimSail!$B$1:$T$32,$B15,K$1)*SIN($A15)} -> 5.3694894 | L15: {=INDEX(FromSimSail!$B$1:$T$32,$B15,K$1)*COS($A15)} -> 0.46976945 | M15: {=INDEX(FromSimSail!$B$1:$T$32,$B15,M$1)*SIN($A15)} -> 5.7978531 | N15: {=INDEX(FromSimSail!$B$1:$T$32,$B15,M$1)*COS($A15)} -> 0.50724642 | O15: {=INDEX(FromSimSail!$B$1:$T$32,$B15,O$1)*SIN($A15)} -> 6.206293 | P15: {=INDEX(FromSimSail!$B$1:$T$32,$B15,O$1)*COS($A15)} -> 0.54298028 | Q15: {=INDEX(FromSimSail!$B$1:$T$32,$B15,Q$1)*SIN($A15)} -> 6.5549611 | R15: {=INDEX(FromSimSail!$B$1:$T$32,$B15,Q$1)*COS($A15)} -> 0.57348479 | S15: {=INDEX(FromSimSail!$B$1:$T$32,$B15,S$1)*SIN($A15)} -> 7.1526779 | T15: {=INDEX(FromSimSail!$B$1:$T$32,$B15,S$1)*COS($A15)} -> 0.62577823 | U15: {=INDEX(FromSimSail!$B$1:$T$32,$B15,U$1)*SIN($A15)} -> 7.5312319 | V15: {=INDEX(FromSimSail!$B$1:$T$32,$B15,U$1)*COS($A15)} -> 0.65889742 | W15: {=INDEX(FromSimSail!$B$1:$T$32,$B15,W$1)*SIN($A15)} -> 7.7902425 | X15: {=INDEX(FromSimSail!$B$1:$T$32,$B15,W$1)*COS($A15)} -> 0.68155791 | Y15: {=INDEX(FromSimSail!$B$1:$T$32,$B15,Y$1)*SIN($A15)} -> 7.9595956 | Z15: {=INDEX(FromSimSail!$B$1:$T$32,$B15,Y$1)*COS($A15)} -> 0.69637438 | AA15: {=INDEX(FromSimSail!$B$1:$T$32,$B15,AA$1)*SIN($A15)} -> 8.1588346 | AB15: {=INDEX(FromSimSail!$B$1:$T$32,$B15,AA$1)*COS($A15)} -> 0.71380553 | AC15: {=INDEX(FromSimSail!$B$1:$T$32,$B15,AC$1)*SIN($A15)} -> 8.1488726 | AD15: {=INDEX(FromSimSail!$B$1:$T$32,$B15,AC$1)*COS($A15)} -> 0.71293398 | AE15: {=INDEX(FromSimSail!$B$1:$T$32,$B15,AE$1)*SIN($A15)} -> 8.1389107 | AF15: {=INDEX(FromSimSail!$B$1:$T$32,$B15,AE$1)*COS($A15)} -> 0.71206242 | AG15: {=INDEX(FromSimSail!$B$1:$T$32,$B15,AG$1)*SIN($A15)} -> 8.1389107 | AH15: {=INDEX(FromSimSail!$B$1:$T$32,$B15,AG$1)*COS($A15)} -> 0.71206242 | AI15: {=INDEX(FromSimSail!$B$1:$T$32,$B15,AI$1)*SIN($A15)} -> 8.1289487 | AJ15: {=INDEX(FromSimSail!$B$1:$T$32,$B15,AI$1)*COS($A15)} -> 0.71119086 | AK15: {=INDEX(FromSimSail!$B$1:$T$32,$B15,AK$1)*SIN($A15)} -> 8.1289487 | AL15: {=INDEX(FromSimSail!$B$1:$T$32,$B15,AK$1)*COS($A15)} -> 0.71119086 | AM15: {=INDEX(FromSimSail!$B$1:$T$32,$B15,AM$1)*SIN($A15)} -> 8.1189868 | AN15: {=INDEX(FromSimSail!$B$1:$T$32,$B15,AM$1)*COS($A15)} -> 0.7103193
... A34: =FromSimSail!A32*Info!$B$3 -> 3.1415927 | B34: =B33+1 -> 32 | C34: {=INDEX(FromSimSail!$B$1:$T$32,$B34,C$1)*SIN($A34)} -> 1.0781306e-16 | D34: {=INDEX(FromSimSail!$B$1:$T$32,$B34,C$1)*COS($A34)} -> -0.88 | E34: {=INDEX(FromSimSail!$B$1:$T$32,$B34,E$1)*SIN($A34)} -> 2.1807642e-16 | F34: {=INDEX(FromSimSail!$B$1:$T$32,$B34,E$1)*COS($A34)} -> -1.78 | G34: {=INDEX(FromSimSail!$B$1:$T$32,$B34,G$1)*SIN($A34)} -> 2.7320811e-16 | H34: {=INDEX(FromSimSail!$B$1:$T$32,$B34,G$1)*COS($A34)} -> -2.23 | I34: {=INDEX(FromSimSail!$B$1:$T$32,$B34,I$1)*SIN($A34)} -> 3.2711464e-16 | J34: {=INDEX(FromSimSail!$B$1:$T$32,$B34,I$1)*COS($A34)} -> -2.67 | K34: {=INDEX(FromSimSail!$B$1:$T$32,$B34,K$1)*SIN($A34)} -> 3.8102117e-16 | L34: {=INDEX(FromSimSail!$B$1:$T$32,$B34,K$1)*COS($A34)} -> -3.11 | M34: {=INDEX(FromSimSail!$B$1:$T$32,$B34,M$1)*SIN($A34)} -> 4.3370255e-16 | N34: {=INDEX(FromSimSail!$B$1:$T$32,$B34,M$1)*COS($A34)} -> -3.54 | O34: {=INDEX(FromSimSail!$B$1:$T$32,$B34,O$1)*SIN($A34)} -> 4.8515879e-16 | P34: {=INDEX(FromSimSail!$B$1:$T$32,$B34,O$1)*COS($A34)} -> -3.96 | Q34: {=INDEX(FromSimSail!$B$1:$T$32,$B34,Q$1)*SIN($A34)} -> 5.3416473e-16 | R34: {=INDEX(FromSimSail!$B$1:$T$32,$B34,Q$1)*COS($A34)} -> -4.36 | S34: {=INDEX(FromSimSail!$B$1:$T$32,$B34,S$1)*SIN($A34)} -> 6.2482571e-16 | T34: {=INDEX(FromSimSail!$B$1:$T$32,$B34,S$1)*COS($A34)} -> -5.1 | U34: {=INDEX(FromSimSail!$B$1:$T$32,$B34,U$1)*SIN($A34)} -> 7.0446036e-16 | V34: {=INDEX(FromSimSail!$B$1:$T$32,$B34,U$1)*COS($A34)} -> -5.75 | W34: {=INDEX(FromSimSail!$B$1:$T$32,$B34,W$1)*SIN($A34)} -> 7.7796927e-16 | X34: {=INDEX(FromSimSail!$B$1:$T$32,$B34,W$1)*COS($A34)} -> -6.35 | Y34: {=INDEX(FromSimSail!$B$1:$T$32,$B34,Y$1)*SIN($A34)} -> 8.3800154e-16 | Z34: {=INDEX(FromSimSail!$B$1:$T$32,$B34,Y$1)*COS($A34)} -> -6.84 | AA34: {=INDEX(FromSimSail!$B$1:$T$32,$B34,AA$1)*SIN($A34)} -> 8.9803382e-16 | AB34: {=INDEX(FromSimSail!$B$1:$T$32,$B34,AA$1)*COS($A34)} -> -7.33 | AC34: {=INDEX(FromSimSail!$B$1:$T$32,$B34,AC$1)*SIN($A34)} -> 9.1641104e-16 | AD34: {=INDEX(FromSimSail!$B$1:$T$32,$B34,AC$1)*COS($A34)} -> -7.48 | AE34: {=INDEX(FromSimSail!$B$1:$T$32,$B34,AE$1)*SIN($A34)} -> 9.3356312e-16 | AF34: {=INDEX(FromSimSail!$B$1:$T$32,$B34,AE$1)*COS($A34)} -> -7.62 | AG34: {=INDEX(FromSimSail!$B$1:$T$32,$B34,AG$1)*SIN($A34)} -> 9.4336431e-16 | AH34: {=INDEX(FromSimSail!$B$1:$T$32,$B34,AG$1)*COS($A34)} -> -7.7 | AI34: {=INDEX(FromSimSail!$B$1:$T$32,$B34,AI$1)*SIN($A34)} -> 9.5194035e-16 | AJ34: {=INDEX(FromSimSail!$B$1:$T$32,$B34,AI$1)*COS($A34)} -> -7.77 | AK34: {=INDEX(FromSimSail!$B$1:$T$32,$B34,AK$1)*SIN($A34)} -> 9.7031758e-16 | AL34: {=INDEX(FromSimSail!$B$1:$T$32,$B34,AK$1)*COS($A34)} -> -7.92 | AM34: {=INDEX(FromSimSail!$B$1:$T$32,$B34,AM$1)*SIN($A34)} -> 9.8746965e-16 | AN34: {=INDEX(FromSimSail!$B$1:$T$32,$B34,AM$1)*COS($A34)} -> -8.06
C37: 1 | E37: =C37+1 -> 2 | G37: =E37+1 -> 3 | I37: =G37+1 -> 4 | K37: =I37+1 -> 5 | M37: =K37+1 -> 6 | O37: =M37+1 -> 7 | Q37: =O37+1 -> 8 | S37: =Q37+1 -> 9
C38: S | D38: C | E38: S | F38: C | G38: S | H38: C | I38: S | J38: C | K38: S | L38: C | M38: S | N38: C | O38: S | P38: C | Q38: S | R38: C | S38: S | T38: C
A39: 0 | B39: =A39*Info!$B$3 -> 0 | C39: =SIN($B39)*C$37 -> 0 | D39: =COS($B39)*C$37 -> 1 | E39: =SIN($B39)*E$37 -> 0 | F39: =COS($B39)*E$37 -> 2 | G39: =SIN($B39)*G$37 -> 0 | H39: =COS($B39)*G$37 -> 3 | I39: =SIN($B39)*I$37 -> 0 | J39: =COS($B39)*I$37 -> 4 | K39: =SIN($B39)*K$37 -> 0 | L39: =COS($B39)*K$37 -> 5 | M39: =SIN($B39)*M$37 -> 0 | N39: =COS($B39)*M$37 -> 6 | O39: =SIN($B39)*O$37 -> 0 | P39: =COS($B39)*O$37 -> 7 | Q39: =SIN($B39)*Q$37 -> 0 | R39: =COS($B39)*Q$37 -> 8 | S39: =SIN($B39)*S$37 -> 0 | T39: =COS($B39)*S$37 -> 9
A40: =A39+5 -> 5 | B40: =A40*Info!$B$3 -> 0.087266463 | C40: =SIN($B40)*C$37 -> 0.087155743 | D40: =COS($B40)*C$37 -> 0.9961947 | E40: =SIN($B40)*E$37 -> 0.17431149 | F40: =COS($B40)*E$37 -> 1.9923894 | G40: =SIN($B40)*G$37 -> 0.26146723 | H40: =COS($B40)*G$37 -> 2.9885841 | I40: =SIN($B40)*I$37 -> 0.34862297 | J40: =COS($B40)*I$37 -> 3.9847788 | K40: =SIN($B40)*K$37 -> 0.43577871 | L40: =COS($B40)*K$37 -> 4.9809735 | M40: =SIN($B40)*M$37 -> 0.52293446 | N40: =COS($B40)*M$37 -> 5.9771682 | O40: =SIN($B40)*O$37 -> 0.6100902 | P40: =COS($B40)*O$37 -> 6.9733629 | Q40: =SIN($B40)*Q$37 -> 0.69724594 | R40: =COS($B40)*Q$37 -> 7.9695576 | S40: =SIN($B40)*S$37 -> 0.78440168 | T40: =COS($B40)*S$37 -> 8.9657523
A41: =A40+5 -> 10 | B41: =A41*Info!$B$3 -> 0.17453293 | C41: =SIN($B41)*C$37 -> 0.17364818 | D41: =COS($B41)*C$37 -> 0.98480775 | E41: =SIN($B41)*E$37 -> 0.34729636 | F41: =COS($B41)*E$37 -> 1.9696155 | G41: =SIN($B41)*G$37 -> 0.52094453 | H41: =COS($B41)*G$37 -> 2.9544233 | I41: =SIN($B41)*I$37 -> 0.69459271 | J41: =COS($B41)*I$37 -> 3.939231 | K41: =SIN($B41)*K$37 -> 0.86824089 | L41: =COS($B41)*K$37 -> 4.9240388 | M41: =SIN($B41)*M$37 -> 1.0418891 | N41: =COS($B41)*M$37 -> 5.9088465 | O41: =SIN($B41)*O$37 -> 1.2155372 | P41: =COS($B41)*O$37 -> 6.8936543 | Q41: =SIN($B41)*Q$37 -> 1.3891854 | R41: =COS($B41)*Q$37 -> 7.878462 | S41: =SIN($B41)*S$37 -> 1.5628336 | T41: =COS($B41)*S$37 -> 8.8632698
A42: =A41+5 -> 15 | B42: =A42*Info!$B$3 -> 0.26179939 | C42: =SIN($B42)*C$37 -> 0.25881905 | D42: =COS($B42)*C$37 -> 0.96592583 | E42: =SIN($B42)*E$37 -> 0.51763809 | F42: =COS($B42)*E$37 -> 1.9318517 | G42: =SIN($B42)*G$37 -> 0.77645714 | H42: =COS($B42)*G$37 -> 2.8977775 | I42: =SIN($B42)*I$37 -> 1.0352762 | J42: =COS($B42)*I$37 -> 3.8637033 | K42: =SIN($B42)*K$37 -> 1.2940952 | L42: =COS($B42)*K$37 -> 4.8296291 | M42: =SIN($B42)*M$37 -> 1.5529143 | N42: =COS($B42)*M$37 -> 5.795555 | O42: =SIN($B42)*O$37 -> 1.8117333 | P42: =COS($B42)*O$37 -> 6.7614808 | Q42: =SIN($B42)*Q$37 -> 2.0705524 | R42: =COS($B42)*Q$37 -> 7.7274066 | S42: =SIN($B42)*S$37 -> 2.3293714 | T42: =COS($B42)*S$37 -> 8.6933324
A43: =A42+5 -> 20 | B43: =A43*Info!$B$3 -> 0.34906585 | C43: =SIN($B43)*C$37 -> 0.34202014 | D43: =COS($B43)*C$37 -> 0.93969262 | E43: =SIN($B43)*E$37 -> 0.68404029 | F43: =COS($B43)*E$37 -> 1.8793852 | G43: =SIN($B43)*G$37 -> 1.0260604 | H43: =COS($B43)*G$37 -> 2.8190779 | I43: =SIN($B43)*I$37 -> 1.3680806 | J43: =COS($B43)*I$37 -> 3.7587705 | K43: =SIN($B43)*K$37 -> 1.7101007 | L43: =COS($B43)*K$37 -> 4.6984631 | M43: =SIN($B43)*M$37 -> 2.0521209 | N43: =COS($B43)*M$37 -> 5.6381557 | O43: =SIN($B43)*O$37 -> 2.394141 | P43: =COS($B43)*O$37 -> 6.5778483 | Q43: =SIN($B43)*Q$37 -> 2.7361611 | R43: =COS($B43)*Q$37 -> 7.517541 | S43: =SIN($B43)*S$37 -> 3.0781813 | T43: =COS($B43)*S$37 -> 8.4572336
A44: =A43+5 -> 25 | B44: =A44*Info!$B$3 -> 0.43633231 | C44: =SIN($B44)*C$37 -> 0.42261826 | D44: =COS($B44)*C$37 -> 0.90630779 | E44: =SIN($B44)*E$37 -> 0.84523652 | F44: =COS($B44)*E$37 -> 1.8126156 | G44: =SIN($B44)*G$37 -> 1.2678548 | H44: =COS($B44)*G$37 -> 2.7189234 | I44: =SIN($B44)*I$37 -> 1.690473 | J44: =COS($B44)*I$37 -> 3.6252311 | K44: =SIN($B44)*K$37 -> 2.1130913 | L44: =COS($B44)*K$37 -> 4.5315389 | M44: =SIN($B44)*M$37 -> 2.5357096 | N44: =COS($B44)*M$37 -> 5.4378467 | O44: =SIN($B44)*O$37 -> 2.9583278 | P44: =COS($B44)*O$37 -> 6.3441545 | Q44: =SIN($B44)*Q$37 -> 3.3809461 | R44: =COS($B44)*Q$37 -> 7.2504623 | S44: =SIN($B44)*S$37 -> 3.8035644 | T44: =COS($B44)*S$37 -> 8.1567701
A45: =A44+5 -> 30 | B45: =A45*Info!$B$3 -> 0.52359878 | C45: =SIN($B45)*C$37 -> 0.5 | D45: =COS($B45)*C$37 -> 0.8660254 | E45: =SIN($B45)*E$37 -> 1 | F45: =COS($B45)*E$37 -> 1.7320508 | G45: =SIN($B45)*G$37 -> 1.5 | H45: =COS($B45)*G$37 -> 2.5980762 | I45: =SIN($B45)*I$37 -> 2 | J45: =COS($B45)*I$37 -> 3.4641016 | K45: =SIN($B45)*K$37 -> 2.5 | L45: =COS($B45)*K$37 -> 4.330127 | M45: =SIN($B45)*M$37 -> 3 | N45: =COS($B45)*M$37 -> 5.1961524 | O45: =SIN($B45)*O$37 -> 3.5 | P45: =COS($B45)*O$37 -> 6.0621778 | Q45: =SIN($B45)*Q$37 -> 4 | R45: =COS($B45)*Q$37 -> 6.9282032 | S45: =SIN($B45)*S$37 -> 4.5 | T45: =COS($B45)*S$37 -> 7.7942286
A46: =A45+5 -> 35 | B46: =A46*Info!$B$3 -> 0.61086524 | C46: =SIN($B46)*C$37 -> 0.57357644 | D46: =COS($B46)*C$37 -> 0.81915204 | E46: =SIN($B46)*E$37 -> 1.1471529 | F46: =COS($B46)*E$37 -> 1.6383041 | G46: =SIN($B46)*G$37 -> 1.7207293 | H46: =COS($B46)*G$37 -> 2.4574561 | I46: =SIN($B46)*I$37 -> 2.2943057 | J46: =COS($B46)*I$37 -> 3.2766082 | K46: =SIN($B46)*K$37 -> 2.8678822 | L46: =COS($B46)*K$37 -> 4.0957602 | M46: =SIN($B46)*M$37 -> 3.4414586 | N46: =COS($B46)*M$37 -> 4.9149123 | O46: =SIN($B46)*O$37 -> 4.0150351 | P46: =COS($B46)*O$37 -> 5.7340643 | Q46: =SIN($B46)*Q$37 -> 4.5886115 | R46: =COS($B46)*Q$37 -> 6.5532164 | S46: =SIN($B46)*S$37 -> 5.1621879 | T46: =COS($B46)*S$37 -> 7.3723684
A47: =A46+5 -> 40 | B47: =A47*Info!$B$3 -> 0.6981317 | C47: =SIN($B47)*C$37 -> 0.64278761 | D47: =COS($B47)*C$37 -> 0.76604444 | E47: =SIN($B47)*E$37 -> 1.2855752 | F47: =COS($B47)*E$37 -> 1.5320889 | G47: =SIN($B47)*G$37 -> 1.9283628 | H47: =COS($B47)*G$37 -> 2.2981333 | I47: =SIN($B47)*I$37 -> 2.5711504 | J47: =COS($B47)*I$37 -> 3.0641778 | K47: =SIN($B47)*K$37 -> 3.213938 | L47: =COS($B47)*K$37 -> 3.8302222 | M47: =SIN($B47)*M$37 -> 3.8567257 | N47: =COS($B47)*M$37 -> 4.5962667 | O47: =SIN($B47)*O$37 -> 4.4995133 | P47: =COS($B47)*O$37 -> 5.3623111 | Q47: =SIN($B47)*Q$37 -> 5.1423009 | R47: =COS($B47)*Q$37 -> 6.1283555 | S47: =SIN($B47)*S$37 -> 5.7850885 | T47: =COS($B47)*S$37 -> 6.8944
A48: =A47+5 -> 45 | B48: =A48*Info!$B$3 -> 0.78539816 | C48: =SIN($B48)*C$37 -> 0.70710678 | D48: =COS($B48)*C$37 -> 0.70710678 | E48: =SIN($B48)*E$37 -> 1.4142136 | F48: =COS($B48)*E$37 -> 1.4142136 | G48: =SIN($B48)*G$37 -> 2.1213203 | H48: =COS($B48)*G$37 -> 2.1213203 | I48: =SIN($B48)*I$37 -> 2.8284271 | J48: =COS($B48)*I$37 -> 2.8284271 | K48: =SIN($B48)*K$37 -> 3.5355339 | L48: =COS($B48)*K$37 -> 3.5355339 | M48: =SIN($B48)*M$37 -> 4.2426407 | N48: =COS($B48)*M$37 -> 4.2426407 | O48: =SIN($B48)*O$37 -> 4.9497475 | P48: =COS($B48)*O$37 -> 4.9497475 | Q48: =SIN($B48)*Q$37 -> 5.6568542 | R48: =COS($B48)*Q$37 -> 5.6568542 | S48: =SIN($B48)*S$37 -> 6.363961 | T48: =COS($B48)*S$37 -> 6.363961
A49: =A48+5 -> 50 | B49: =A49*Info!$B$3 -> 0.87266463 | C49: =SIN($B49)*C$37 -> 0.76604444 | D49: =COS($B49)*C$37 -> 0.64278761 | E49: =SIN($B49)*E$37 -> 1.5320889 | F49: =COS($B49)*E$37 -> 1.2855752 | G49: =SIN($B49)*G$37 -> 2.2981333 | H49: =COS($B49)*G$37 -> 1.9283628 | I49: =SIN($B49)*I$37 -> 3.0641778 | J49: =COS($B49)*I$37 -> 2.5711504 | K49: =SIN($B49)*K$37 -> 3.8302222 | L49: =COS($B49)*K$37 -> 3.213938 | M49: =SIN($B49)*M$37 -> 4.5962667 | N49: =COS($B49)*M$37 -> 3.8567257 | O49: =SIN($B49)*O$37 -> 5.3623111 | P49: =COS($B49)*O$37 -> 4.4995133 | Q49: =SIN($B49)*Q$37 -> 6.1283555 | R49: =COS($B49)*Q$37 -> 5.1423009 | S49: =SIN($B49)*S$37 -> 6.8944 | T49: =COS($B49)*S$37 -> 5.7850885
A50: =A49+5 -> 55 | B50: =A50*Info!$B$3 -> 0.95993109 | C50: =SIN($B50)*C$37 -> 0.81915204 | D50: =COS($B50)*C$37 -> 0.57357644 | E50: =SIN($B50)*E$37 -> 1.6383041 | F50: =COS($B50)*E$37 -> 1.1471529 | G50: =SIN($B50)*G$37 -> 2.4574561 | H50: =COS($B50)*G$37 -> 1.7207293 | I50: =SIN($B50)*I$37 -> 3.2766082 | J50: =COS($B50)*I$37 -> 2.2943057 | K50: =SIN($B50)*K$37 -> 4.0957602 | L50: =COS($B50)*K$37 -> 2.8678822 | M50: =SIN($B50)*M$37 -> 4.9149123 | N50: =COS($B50)*M$37 -> 3.4414586 | O50: =SIN($B50)*O$37 -> 5.7340643 | P50: =COS($B50)*O$37 -> 4.0150351 | Q50: =SIN($B50)*Q$37 -> 6.5532164 | R50: =COS($B50)*Q$37 -> 4.5886115 | S50: =SIN($B50)*S$37 -> 7.3723684 | T50: =COS($B50)*S$37 -> 5.1621879
A51: =A50+5 -> 60 | B51: =A51*Info!$B$3 -> 1.0471976 | C51: =SIN($B51)*C$37 -> 0.8660254 | D51: =COS($B51)*C$37 -> 0.5 | E51: =SIN($B51)*E$37 -> 1.7320508 | F51: =COS($B51)*E$37 -> 1 | G51: =SIN($B51)*G$37 -> 2.5980762 | H51: =COS($B51)*G$37 -> 1.5 | I51: =SIN($B51)*I$37 -> 3.4641016 | J51: =COS($B51)*I$37 -> 2 | K51: =SIN($B51)*K$37 -> 4.330127 | L51: =COS($B51)*K$37 -> 2.5 | M51: =SIN($B51)*M$37 -> 5.1961524 | N51: =COS($B51)*M$37 -> 3 | O51: =SIN($B51)*O$37 -> 6.0621778 | P51: =COS($B51)*O$37 -> 3.5 | Q51: =SIN($B51)*Q$37 -> 6.9282032 | R51: =COS($B51)*Q$37 -> 4 | S51: =SIN($B51)*S$37 -> 7.7942286 | T51: =COS($B51)*S$37 -> 4.5
... A75: =A74+5 -> 180 | B75: =A75*Info!$B$3 -> 3.1415927 | C75: =SIN($B75)*C$37 -> 1.2251485e-16 | D75: =COS($B75)*C$37 -> -1 | E75: =SIN($B75)*E$37 -> 2.4502969e-16 | F75: =COS($B75)*E$37 -> -2 | G75: =SIN($B75)*G$37 -> 3.6754454e-16 | H75: =COS($B75)*G$37 -> -3 | I75: =SIN($B75)*I$37 -> 4.9005938e-16 | J75: =COS($B75)*I$37 -> -4 | K75: =SIN($B75)*K$37 -> 6.1257423e-16 | L75: =COS($B75)*K$37 -> -5 | M75: =SIN($B75)*M$37 -> 7.3508907e-16 | N75: =COS($B75)*M$37 -> -6 | O75: =SIN($B75)*O$37 -> 8.5760392e-16 | P75: =COS($B75)*O$37 -> -7 | Q75: =SIN($B75)*Q$37 -> 9.8011876e-16 | R75: =COS($B75)*Q$37 -> -8 | S75: =SIN($B75)*S$37 -> 1.1026336e-15 | T75: =COS($B75)*S$37 -> -9

Sheet Info
B2: Degre -> rad
B3: =PI()/180 -> 0.017453293
